Horse No.,Last 6 Runs,Colour,Horse,Brand No.,Jockey,Over Wt.,Draw,Trainer,Rtg.,Rtg.+/-,Horse Wt. (Declaration),Wt.+/- (vs Declaration),Best Time,Age,WFA,Sex,Season Stakes,Priority,Gear,Owner,Sire,Dam,Import Cat.,AWT,road,dist,going,class,raceNo,raceCourse,SireRank,DamRank,J_Win,J_2nd,J_3rd,J_4th,J_5th,Total Rides,J_Stakes Won,JockeyRank,T_Win,T_2nd,T_3rd,T_4th,T_5th,Total Runs,T_Stakes Won,TrainerRank
1,4/10/7/5/3/3,,MY CHANCE,B214,C Y Ho,,3,K W Lui,59,-1,1114,+34,,4,-,g,294400,+ 1,,Mr & Mrs Charley Chan Wing Chin,Holy Roman Emperor,Many Hearts,PP,133.0,TURF - A Course,1000M,GOOD,Class 4,1,HV,nan,nan,10,8,11,12,9,452,55869390,48.0,7,11,8,9,9,338,31753200,42.0
2,6/4/8/1/6/3,,SUPER LUCKY,A251,C Schofield,,2,C Fownes,58,-1,1201,+11,,5,-,g,791200,1,H/XB,Sidney Leung Kwun Wa,Myboycharlie,Aloha Charm,PP,132.0,TURF - A Course,1000M,GOOD,Class 4,1,HV,4.0,4.0,9,8,8,12,10,348,44300250,46.0,7,10,9,9,9,390,41761300,42.0
3,10/11/5/11/12/12,,CASIMIRO,C149,T H So,,7,C H Yip,56,-3,1087,+9,0.58.14,5,-,g,48300,1,H,R&S Racing Syndicate,Casamento,Glyndebourne,PP,128.0,TURF - A Course,1000M,GOOD,Class 4,1,HV,nan,nan,2,2,3,5,6,163,4876475,26.0,8,5,8,9,9,462,35968500,46.0
4,12/2/3/2,,HAINAN STAR,B438,Z Purton,,1,P F Yiu,54,0,1140,+15,,3,-,g,510600,+ 1,CP/TT,Raymond Lee Man Chun,Exceed And Excel,Patronyme,PPG,128.0,TURF - A Course,1000M,GOOD,Class 4,1,HV,4.0,nan,22,17,10,10,7,535,187770015,55.0,7,9,9,7,8,352,32849100,42.0
5,2/9,,HONG KONG WIN,C333,J Moreira,,5,J Size,54,+2,1191,-4,0.57.36,3,-,g,404800,1,B,Dr Patrick Ko Tak Him,Mossman,With Apologies,PPG,128.0,TURF - A Course,1000M,GOOD,Class 4,1,HV,nan,nan,18,16,11,9,8,347,103334925,54.0,15,16,11,9,9,420,122845650,52.0
6,4/4/3/5/11/2,,EVERBRAVE,A364,A Domeyer,,6,K L Man,53,-2,1190,-10,0.57.37,5,-,g,1081000,1,,Arthur Wong Chun Mo,Alamosa,Miss Riviera,PP,127.0,TURF - A Course,1000M,GOOD,Class 4,1,HV,4.0,2.0,10,5,5,14,5,21,2292000,48.0,6,4,9,10,10,362,24518755,36.0
7,8,,AIOLOS,C040,R Bayliss,,8,W Y So,52,0,1155,-7,0.58.13,3,-,g,0,2,H1/TT1,Timon Tai,Super Easy,Scrutiny,PPG,126.0,TURF - A Course,1000M,GOOD,Class 4,1,HV,nan,nan,3,6,4,2,8,121,6761175,29.0,6,8,7,7,8,424,30828975,36.0
8,11,,BANDY,C282,G van Niekerk,,11,R Gibson,52,0,1033,+10,0.58.09,3,-,g,0,1,H-/CP1,Alan Chan Yau Yuet & Chris Chan Cheong Hoi,Your Song,Spirit Of Rose,PPG,126.0,TURF - A Course,1000M,GOOD,Class 4,1,HV,4.0,nan,7,9,9,7,9,331,32767350,40.0,7,10,8,9,10,341,41529695,42.0
10,12/12/7/1/12/11,,DRAGON DANCE,V409,M L Yeung,,9,Y S Tsui,47,-1,1080,+1,0.57.54,6,-,g,1129300,1,B/TT,Ricky Wong Kin Chat & Helen Leung Yee Wan,Bianconi,Fonteyn Star,PP,119.0,TURF - A Course,1000M,GOOD,Class 4,1,HV,3.0,3.0,4,6,7,6,10,340,21196025,32.0,7,5,6,9,8,456,36575960,42.0
11,12/10/6/7/10,,PRAWN YEAH YEAH,B381,H T Mo,,4,R Gibson,44,-2,1148,0,0.58.29,4,-,g,55200,2,B/TT,Kevin Lau Yat Sun,Commands,Alamantra,ISG,115.0,TURF - A Course,1000M,GOOD,Class 4,1,HV,6.0,6.0,7,6,7,9,7,309,25302050,40.0,7,10,8,9,10,341,41529695,42.0
12,7/12/11/14/10,,REGENCY GEM,C035,K C Ng,,10,W Y So,41,-2,1190,-5,0.57.83,4,-,g,0,+ 1,V/TT,Wendy Wong Yin Ting & Owen Cheng Ho Wang,Showcasing,The Myth,PPG,112.0,TURF - A Course,1000M,GOOD,Class 4,1,HV,12.0,12.0,0,0,4,6,9,78,1156475,12.0,6,8,7,7,8,424,30828975,36.0
1,6/12/11/12/12/4,,HERO TIME,B010,Z Purton,,12,R Gibson,59,0,1120,+10,1.09.99,5,-,g,188600,+ 1,B/H/XB/TT,Fung Ka Pun & Lucia Fung,Mint Lane,Very Edgy,PPG,133.0,TURF - A Course,1200M,GOOD,Class 4,2,HV,12.0,12.0,22,17,10,10,7,535,187770015,55.0,7,10,8,9,10,341,41529695,42.0
2,7/1/8/1/3/8,,ORIENTAL ELITE,A282,C Schofield,,9,P O'Sullivan,59,0,1138,+2,1.09.65,5,-,g,579600,+ 1,,CEO Syndicate,Star Witness,Bail Out,PPG,133.0,TURF - A Course,1200M,GOOD,Class 4,2,HV,3.0,nan,9,8,8,12,10,348,44300250,46.0,6,10,8,6,7,295,24863660,36.0
3,10/4/1/1/8/6,,LONDON MASTER,T345,C Wong,,1,C W Chang,57,0,1065,-18,1.09.61,7,-,g,1361600,+ 1,B/TT,Yau Tim,Commands,Suzy Smart,ISG,126.0,TURF - A Course,1200M,GOOD,Class 4,2,HV,6.0,6.0,12,7,9,5,9,330,38085325,49.0,4,8,5,7,5,297,14434775,32.0
4,12/8/11/9/10/9,,CHEEKY BEE,B471,N Callan,,11,D E Ferraris,55,-3,1000,-2,1.10.67,4,-,g,0,+ 1,,Dr & Mrs Gene Tsoi Wai Wang,Niagara,No Reins,PP,129.0,TURF - A Course,1200M,GOOD,Class 4,2,HV,nan,nan,4,9,12,8,6,331,26237400,32.0,5,4,9,6,8,403,23177090,33.0
5,1/4/4/7/10,,LORIZ,C036,K C Leung,,3,P F Yiu,55,+5,1218,+24,1.10.06,3,-,g,634800,1,V,Chan Chi Ho,Smart Missile,Negotiate,PPG,129.0,TURF - A Course,1200M,GOOD,Class 4,2,HV,8.0,nan,5,7,8,7,6,380,35009625,35.0,7,9,9,7,8,352,32849100,42.0
6,2/1/5/10/4/8,,THIS IS CLASS,B420,C Y Ho,,5,K W Lui,55,+2,1148,+12,1.09.88,4,-,g,1338600,+ 1,CP/H,Keep-One-Step-Ahead Syndicate,So You Think,Pride Of The Class,PPG,129.0,TURF - A Course,1200M,GOOD,Class 4,2,HV,nan,nan,10,8,11,12,9,452,55869390,48.0,7,11,8,9,9,338,31753200,42.0
7,13/10/11,,OUR GREEN,B448,H T Mo,,7,C H Yip,52,-3,1189,+80,,4,-,g,0,* 1,B,Evergreen Syndicate,Shamardal,Light And Airy,ISG,123.0,TURF - A Course,1200M,GOOD,Class 4,2,HV,2.0,nan,7,6,7,9,7,309,25302050,40.0,8,5,8,9,9,462,35968500,46.0
8,2/8/8,,MISCHIEVOUS SUNDAE,C016,J Moreira,,10,J Size,51,+1,1043,-13,1.10.92,3,-,g,202400,+ 1,,Equus Syndicate,Sebring,Elsewhere,PPG,125.0,TURF - A Course,1200M,GOOD,Class 4,2,HV,2.0,2.0,18,16,11,9,8,347,103334925,54.0,15,16,11,9,9,420,122845650,52.0
9,3/2/1/9/5/3,,BULLISH BROTHER,C034,K Teetan,,2,A S Cruz,48,0,1100,-7,1.10.00,3,-,g,1041900,1,B/TT,Wong Wing Keung Yeung Yuk Ying & Mary Wong Pak Ka,Reward For Effort,Stream Royale,PPG,122.0,TURF - A Course,1200M,GOOD,Class 4,2,HV,9.0,nan,13,10,10,10,9,565,96115560,50.0,10,9,10,9,9,470,94386400,48.0
10,9/9/6/9/5/6,,GOOD COMPANION,A052,M F Poon,,6,K H Ting,47,-2,1060,-4,1.09.98,6,-,g,138000,+ * 1,B/TT,Joseph Chung,Exceed And Excel,Dyna Slam,PPG,118.0,TURF - A Course,1200M,GOOD,Class 4,2,HV,4.0,7.0,7,5,9,10,9,396,35001695,40.0,13,7,8,7,6,254,24193870,50.0
11,9/12/14/8/5/5,,COMPASSION STAR,A121,M L Yeung,,8,K L Man,44,-2,1071,+7,1.10.47,5,-,g,96600,+ 1,B-,Friends of Po Leung Syndicate,Bullbars,Tricilo,PPG,116.0,TURF - A Course,1200M,GOOD,Class 4,2,HV,6.0,5.0,4,6,7,6,10,340,21196025,32.0,6,4,9,10,10,362,24518755,36.0
12,2/9/8/4/7/12,,FORMULA GALORE,V011,M Chadwick,,4,C Fownes,41,+2,1089,+3,1.10.08,6,-,g,207000,* 1,TT,Lillian Lee Lai Man,Not A Single Doubt,Evening Pleasures,PPG,115.0,TURF - A Course,1200M,GOOD,Class 4,2,HV,12.0,12.0,5,8,10,6,10,385,29456500,35.0,7,10,9,9,9,390,41761300,42.0
1,6/2/10/3/5/3,,FEARLESS FIRE,B085,Z Purton,,2,C Fownes,70,0,1153,+19,1.40.09,5,-,g,1193700,* 1,XB,Asther Leung Wing Yi,Acclamation,Pediment,PP,127.0,TURF - A Course,1650M,GOOD,Class 3,3,HV,1.0,1.0,22,17,10,10,7,535,187770015,55.0,7,10,9,9,9,390,41761300,42.0
2,6/8/5/11/8/1,,LET'S TAKE IT EASY,A140,T H So,,11,L Ho,70,-2,1022,-1,1.39.51,5,-,g,1159200,+ 1,H/V,Ip Chung Pui Wan,Street Boss,Vogue Beauty,PP,125.0,TURF - A Course,1650M,GOOD,Class 3,3,HV,nan,nan,2,2,3,5,6,163,4876475,26.0,8,8,7,8,9,355,28469390,46.0
3,11/8/1/7/4/6,,LUCKY GIRL,T355,G van Niekerk,,10,C S Shum,70,0,1226,+28,1.39.59,7,-,g,1704300,+ 1,TT,Victor Cheng Hok Hung,Onemorenomore,Bani Yas,PP,127.0,TURF - A Course,1650M,GOOD,Class 3,3,HV,nan,nan,7,9,9,7,9,331,32767350,40.0,10,9,8,10,9,401,45310680,48.0
5,10/9/11/10/4/14,,STAR MAJESTIC,S093,N Callan,,4,P O'Sullivan,70,-2,1130,0,1.39.67,8,-,g,82800,1,B,Glenealy Winner Syndicate,Sakhee's Secret,Dantessa,PPG,127.0,TURF - A Course,1650M,GOOD,Class 3,3,HV,nan,nan,4,9,12,8,6,331,26237400,32.0,6,10,8,6,7,295,24863660,36.0
6,10/7/13/3/9/10,,XIANG BAI QI,B336,M Chadwick,,6,D E Ferraris,70,-2,995,0,1.41.40,5,-,g,462300,1,,Koo Ming Kown,Azamour,Hassaya,PP,127.0,TURF - A Course,1650M,GOOD,Class 3,3,HV,nan,nan,5,8,10,6,10,385,29456500,35.0,5,4,9,6,8,403,23177090,33.0
7,9/6/13/9/12/9,,PRETTY BAUHINIA,A135,U Rispoli,,7,Y S Tsui,69,-2,1075,-14,1.39.54,6,-,g,0,+ 1,B,Mr & Mrs Ma Leung,Danzero,Li'l Miss Hayley,PP,126.0,TURF - A Course,1650M,GOOD,Class 3,3,HV,nan,nan,6,6,10,9,9,417,31565625,38.0,7,5,6,9,8,456,36575960,42.0
8,13/8/6,,UNICORNBABY,C203,R Bayliss,,1,R Gibson,69,-2,1140,+8,,4,-,g,0,+ 1,,Ngai Wing Yin,Dragon Pulse,Clenaghcastle Lady,PP,126.0,TURF - A Course,1650M,GOOD,Class 3,3,HV,nan,nan,3,6,4,2,8,121,6761175,29.0,7,10,8,9,10,341,41529695,42.0
9,5/2/5/10/11/11,,GOD OF DRAGON,B108,K Teetan,,9,A S Cruz,64,0,1036,+7,1.40.48,4,-,g,448500,+ 1,H/TT,Mark's Friend Syndicate,Red Dazzler,Pardees,PP,121.0,TURF - A Course,1650M,GOOD,Class 3,3,HV,nan,nan,13,10,10,10,9,565,96115560,50.0,10,9,10,9,9,470,94386400,48.0
10,14/6/6/1/2/1,,GOOD FIT,S131,M F Poon,,3,F C Lor,61,-1,1174,+5,1.41.38,8,-,g,1807800,+ 1,B/TT,Kevin Kwong Ka Wing Chan Bing Woon Kwong Wai Bong & Michelle Chan Sin Man,Encosta de Lago,Mrs Squillionaire,PPG,115.0,TURF - A Course,1650M,GOOD,Class 3,3,HV,nan,nan,7,5,9,10,9,396,35001695,40.0,15,11,10,10,7,362,123351400,52.0
11,9/3/5/3/6/3,,LADY FIRST,B013,K C Leung,,5,K H Ting,61,-1,1012,+7,,5,-,g,986700,+ 1,TT,HK Association of Lady Horse Lovers Syndicate,Zacinto,Avoid,PP,118.0,TURF - A Course,1650M,GOOD,Class 3,3,HV,nan,nan,5,7,8,7,6,380,35009625,35.0,13,7,8,7,6,254,24193870,50.0
12,5/4/4/7/9/4,,WITNESS HUNTER,B421,A Domeyer,1,8,F C Lor,61,-1,1202,+1,1.39.79,3,-,g,1382700,2,B/SR,Winning Team Syndicate,Star Witness,Boldina,PPG,118.0,TURF - A Course,1650M,GOOD,Class 3,3,HV,3.0,nan,10,5,5,14,5,21,2292000,48.0,15,11,10,10,7,362,123351400,52.0
1,11/9/7/1/2/8,,CHARITY WINGS,B003,C Wong,,7,C S Shum,59,-1,1100,-6,1.39.64,5,-,g,961400,+ 1,B,Mason Wu Shang Tun Chan Man Hon & Matthew Chan Man Fung,Bel Esprit,Viva Dubai,PPG,128.0,TURF - A Course,1650M,GOOD,Class 4,4,HV,nan,nan,12,7,9,5,9,330,38085325,49.0,10,9,8,10,9,401,45310680,48.0
2,1/1/8/3/2/5,,HAPPY ROCKY,S147,C Schofield,,11,C W Chang,59,+7,1107,+19,1.40.28,8,-,g,1849200,2,B/TT,Steven Yip Chi Fai,Champs Elysees,Puzzling,PPG,133.0,TURF - A Course,1650M,GOOD,Class 4,4,HV,nan,nan,9,8,8,12,10,348,44300250,46.0,4,8,5,7,5,297,14434775,32.0
3,3/3/9/11/5/7,,NITRO EXPRESS,T353,N Callan,,6,D E Ferraris,58,+1,1188,+4,1.39.50,7,-,g,722200,2,TT,Chow Chu May Ping,Nadeem,Princess Laya,PP,132.0,TURF - A Course,1650M,GOOD,Class 4,4,HV,nan,nan,4,9,12,8,6,331,26237400,32.0,5,4,9,6,8,403,23177090,33.0
4,10/12,,VICTORIOUS SEEKER,C091,M Chadwick,,12,P O'Sullivan,49,-3,1106,+4,,3,-,g,0,2,,Mr & Mrs Lee Yong Sun Christabel Lee Shang Yuee and Julian Lee Shang Hsin,Sebring,Prostar,PPG,123.0,TURF - A Course,1650M,GOOD,Class 4,4,HV,2.0,nan,5,8,10,6,10,385,29456500,35.0,6,10,8,6,7,295,24863660,36.0
5,4/4/9/12/7/8,,RELENTLESS ME,A178,R Bayliss,,10,W Y So,56,-2,1151,-6,1.40.33,5,-,g,952200,1,,Bankee Kwan Pak Hoo,Statue Of Liberty,Snow Flight,PPG,130.0,TURF - A Course,1650M,GOOD,Class 4,4,HV,nan,nan,3,6,4,2,8,121,6761175,29.0,6,8,7,7,8,424,30828975,36.0
6,6/3/8/7/7/4,,SHAMPORT,B167,K Teetan,,1,C Fownes,56,-2,1078,+14,1.41.38,4,-,g,243800,1,PC-,Winnie Law Wing Yin,Shamardal,Port Providence,PP,130.0,TURF - A Course,1650M,GOOD,Class 4,4,HV,2.0,nan,13,10,10,10,9,565,96115560,50.0,7,10,9,9,9,390,41761300,42.0
7,12/9/8/3/5,,SHINEALOT,C046,M Harley,,5,R Gibson,51,-2,1067,+6,1.42.10,4,-,g,138000,2,,HK Football Club Horse Racing Syndicate,Siyouni,Doubrovska,PPG,125.0,TURF - A Course,1650M,GOOD,Class 4,4,HV,9.0,9.0,5,5,5,4,4,82,4067550,35.0,7,10,8,9,10,341,41529695,42.0
8,4/6/6/8/1/3,,SHINING ON,A359,C Y Ho,,9,K W Lui,50,-1,1008,-6,1.40.32,5,-,g,993600,1,,Susie Wong Li Chia,O'Reilly,Savabeel Star,PPG,124.0,TURF - A Course,1650M,GOOD,Class 4,4,HV,3.0,3.0,10,8,11,12,9,452,55869390,48.0,7,11,8,9,9,338,31753200,42.0
9,1/11/12/7/1/10,,THE FULL BLOOM,V243,G van Niekerk,,4,C H Yip,48,+5,1067,-1,1.39.98,6,-,g,972900,2,,Gary Lee Sai Ho,Zebedee,Break Of Dawn,PP,122.0,TURF - A Course,1650M,GOOD,Class 4,4,HV,nan,nan,7,9,9,7,9,331,32767350,40.0,8,5,8,9,9,462,35968500,46.0
10,4/4/6/9/4/11,,ENJOY LIFE,A125,K C Leung,,2,Y S Tsui,47,0,1105,-7,1.40.47,5,-,g,722200,1,B,Enrico Chow Yue Hin,Falkirk,Sorbello,PPG,121.0,TURF - A Course,1650M,GOOD,Class 4,4,HV,nan,nan,5,7,8,7,6,380,35009625,35.0,7,5,6,9,8,456,36575960,42.0
11,8/5/6/5/1/10,,POLYMER LUCK,T326,M L Yeung,,8,K H Ting,45,-2,1052,+7,1.39.93,6,-,g,694600,1,B,Alan Cheng Kin Sang,Pins,Savamour,ISG,117.0,TURF - A Course,1650M,GOOD,Class 4,4,HV,6.0,nan,4,6,7,6,10,340,21196025,32.0,13,7,8,7,6,254,24193870,50.0
12,1/8/8/9/7/10,,RIGHTEOUS MATE,A419,A Domeyer,2,3,A T Millard,43,+5,1201,+6,1.39.92,5,-,g,701500,2,,Friends of Fai Fai Syndicate,Savabeel,Mill Duckie,PP,117.0,TURF - A Course,1650M,GOOD,Class 4,4,HV,nan,nan,10,5,5,14,5,21,2292000,48.0,11,8,10,8,7,288,41896710,49.0
1,12,,ARDENODE,B145,K C Ng,,5,W Y So,80,0,1051,+18,,4,-,g,0,1,TT,Frankie Ng Wai Hang & Ng Wai Hung,Hellvelyn,Coconut Kisses,PP,130.0,TURF - A Course,1000M,GOOD,Class 3,5,HV,nan,nan,0,0,4,6,9,78,1156475,12.0,6,8,7,7,8,424,30828975,36.0
2,11/10/11,,BEAR AGAIN,C301,M Harley,,11,D E Ferraris,76,-2,1064,+16,0.58.09,4,-,g,0,1,,Peter P C Fan Montgomery Ho Shun Wah & Dr Michael Mok Hing Hung,Var,Frequent Flyer,PP,129.0,TURF - A Course,1000M,GOOD,Class 3,5,HV,nan,nan,5,5,5,4,4,82,4067550,35.0,5,4,9,6,8,403,23177090,33.0
3,12/11/11/11/10/12,,KEEP MOVING,A124,R Bayliss,,7,P F Yiu,75,-3,1118,+4,0.57.07,5,-,g,786600,1,B/TT-,Andrew Fan Chun Wah Adam Lee Yat Keung & Gary Mui Ho Cheung,Darci Brahma,Miss Raggedy Ann,PPG,128.0,TURF - A Course,1000M,GOOD,Class 3,5,HV,5.0,nan,3,6,4,2,8,121,6761175,29.0,7,9,9,7,8,352,32849100,42.0
4,2/7/5/8/4/13,,MAGIC LEGEND,A170,Z Purton,,3,J Moore,75,+1,1033,+10,0.56.82,5,-,g,627600,+ 1,CP,Jason Tam Siu Keung,Red Element,Trail Of Secrets,PP,128.0,TURF - A Course,1000M,GOOD,Class 3,5,HV,nan,nan,22,17,10,10,7,535,187770015,55.0,13,8,10,8,9,416,106395650,50.0
5,11/11,,BREEDERS' SKY,C162,N Callan,,10,R Gibson,73,-2,1084,-6,,4,-,g,0,1,CP1,Hong Kong Breeders Club Syndicate,Snitzel,My Amazing Dream,PP,126.0,TURF - A Course,1000M,GOOD,Class 3,5,HV,nan,nan,4,9,12,8,6,331,26237400,32.0,7,10,8,9,10,341,41529695,42.0
6,6/7,,HONG KONG BET,C082,K Teetan,,1,A S Cruz,72,-1,1080,+11,0.57.13,3,-,g,786600,+ 1,TT,Wilson Ho The Hon Junius Ho Kwan Yiu & Bruce Lee Sing Keung,Smart Missile,Dublin Me Bet,PP,125.0,TURF - A Course,1000M,GOOD,Class 3,5,HV,8.0,nan,13,10,10,10,9,565,96115560,50.0,10,9,10,9,9,470,94386400,48.0
7,8/1/1/10/4,,FRUSTRATED,C218,C Wong,,2,F C Lor,70,0,1063,+16,0.56.97,3,-,g,1407600,+ 1,,Derek Wong Siu Ming,All Too Hard,Brave Soul,PPG,118.0,TURF - A Course,1000M,GOOD,Class 3,5,HV,nan,nan,12,7,9,5,9,330,38085325,49.0,15,11,10,10,7,362,123351400,52.0
8,3/3/9/5/11/7,,HEALTHY LUCK,A064,U Rispoli,,6,K L Man,65,0,1036,+6,0.56.70,5,-,g,414000,1,XB1,Loh Dai Jur Elton Loh Kin David Loh Wai & Benjamin Loh Kwuen Ting,Written Tycoon,Schapelle,PPG,118.0,TURF - A Course,1000M,GOOD,Class 3,5,HV,nan,nan,6,6,10,9,9,417,31565625,38.0,6,4,9,10,10,362,24518755,36.0
9,7/10/1/4/1/3,,STRATHALLAN,B178,M F Poon,,8,A T Millard,63,0,1087,+12,0.57.19,3,-,g,1209800,+ 1,,Mr & Mrs Iain Bruce,Stratum,Base Paradise,PPG,113.0,TURF - A Course,1000M,GOOD,Class 3,5,HV,nan,nan,7,5,9,10,9,396,35001695,40.0,11,8,10,8,7,288,41896710,49.0
10,8/9/12/4/4/2,,IRON BOY,V071,H T Mo,,9,K W Lui,61,-2,1183,+8,0.57.33,7,-,g,165600,1,TT,Alex Chan Ka Ming,California Dane,Carnebelle,PP,111.0,TURF - A Course,1000M,GOOD,Class 3,5,HV,nan,nan,7,6,7,9,7,309,25302050,40.0,7,11,8,9,9,338,31753200,42.0
11,2/3/2/2/7/3,,LOOK ERAS,V123,T H So,,12,Y S Tsui,61,+1,1095,+11,0.57.19,6,-,g,1104000,+ 1,B,Lai Tat Ming,Dream Ahead,Arabian Art,PPG,112.0,TURF - A Course,1000M,GOOD,Class 3,5,HV,8.0,8.0,2,2,3,5,6,163,4876475,26.0,7,5,6,9,8,456,36575960,42.0
12,5/3/3/4/2/10,,NOBLE DELIGHT,B199,J Moreira,2,4,J Size,61,-1,1038,+11,0.57.18,4,-,g,954500,+ 1,B1,Vivian Tang,Jimmy Choux,Set,PPG,114.0,TURF - A Course,1000M,GOOD,Class 3,5,HV,6.0,6.0,18,16,11,9,8,347,103334925,54.0,15,16,11,9,9,420,122845650,52.0
1,6/3/1/13/2/3,,UNIVERSAL GO GO,B132,C Y Ho,,2,K W Lui,60,0,1115,+16,1.39.72,4,-,g,1720400,2,,The Executors of the Estate of the late George Wong Kin Wah,Azamour,Love Blooms,PPG,133.0,TURF - A Course,1650M,GOOD,Class 4,6,HV,nan,nan,10,8,11,12,9,452,55869390,48.0,7,11,8,9,9,338,31753200,42.0
2,2/5/9/8/7/12,,ELECTRIC LIGHTNING,A189,M Harley,,7,D E Ferraris,58,+2,1053,+14,1.39.88,5,-,g,975200,1,B/TT,Samson Yip Yan Tion Dumas Chow Wai Sang & Eric Tong Man Leung,Not A Single Doubt,Plain Crazy,PPG,131.0,TURF - A Course,1650M,GOOD,Class 4,6,HV,12.0,nan,5,5,5,4,4,82,4067550,35.0,5,4,9,6,8,403,23177090,33.0
3,4/3/6/1/8/4,,PERFECT TO PLAY,B095,K Teetan,,1,C Fownes,57,0,1009,+21,1.40.11,5,-,g,805000,2,H/TT,Mr & Mrs Ringo Ng Yiu Kwok Jasmine Ng Kwan Yin and Harry Ng Kwan Hang,Born To Sea,Centreofattention,PP,130.0,TURF - A Course,1650M,GOOD,Class 4,6,HV,nan,nan,13,10,10,10,9,565,96115560,50.0,7,10,9,9,9,390,41761300,42.0
4,1/3/3/10/12,,TRUE GRIT,B232,J Moreira,,3,J Size,57,+6,1007,-14,1.39.94,4,-,g,1260400,* 1,E/V,Wong Yuk Lun,Wanted,Sedoso,PPG,130.0,TURF - A Course,1650M,GOOD,Class 4,6,HV,nan,nan,18,16,11,9,8,347,103334925,54.0,15,16,11,9,9,420,122845650,52.0
5,1/6/6/11,,MY FAMILY,C187,C Schofield,,11,Y S Tsui,53,+5,1166,+5,1.40.57,3,-,g,524400,2,,Lai Tat Ming,Jimmy Choux,Set,PPG,126.0,TURF - A Course,1650M,GOOD,Class 4,6,HV,6.0,6.0,9,8,8,12,10,348,44300250,46.0,7,5,6,9,8,456,36575960,42.0
6,2/8/7/5,,MR DARTHVEGAR,C032,Z Purton,,10,R Gibson,51,+2,1150,+19,1.40.00,4,-,g,234600,1,H/TT1,Kathleen Shi Pui Ka,Lope de Vega,She's Due,PPG,124.0,TURF - A Course,1650M,GOOD,Class 4,6,HV,nan,nan,22,17,10,10,7,535,187770015,55.0,7,10,8,9,10,341,41529695,42.0
7,12/7/13/9,,MEDIC DRAGON,B443,M Chadwick,,5,P O'Sullivan,49,-3,1017,+12,1.40.85,4,-,g,0,1,H,Medicore Syndicate,Kodiac,Lilium,ISG,122.0,TURF - A Course,1650M,GOOD,Class 4,6,HV,nan,nan,5,8,10,6,10,385,29456500,35.0,6,10,8,6,7,295,24863660,36.0
8,9/3/9/4/8/12,,HAPPY HOUR,B286,G van Niekerk,,8,C H Yip,48,-2,1085,+12,,4,-,g,161000,+ 1,B/TT,Life of Pleasure Syndicate,Mastercraftsman,Jolly Genie,PP,121.0,TURF - A Course,1650M,GOOD,Class 4,6,HV,nan,nan,7,9,9,7,9,331,32767350,40.0,8,5,8,9,9,462,35968500,46.0
9,4/8/3/5/6/5,,FLAME LILY,B050,U Rispoli,,12,F C Lor,47,0,1203,-25,,5,-,g,437000,1,TT,Lily Syndicate,Danehill Dancer,Showerproof,PPG,120.0,TURF - A Course,1650M,GOOD,Class 4,6,HV,nan,nan,6,6,10,9,9,417,31565625,38.0,15,11,10,10,7,362,123351400,52.0
10,4/8/4/2/4/4,,LE PANACHE,V369,K C Ng,,6,W Y So,45,0,1087,-8,1.45.14,6,-,g,1228200,2,B,Kok Jian Pei,Acclamation,Heavens Peak,PP,115.0,TURF - A Course,1650M,GOOD,Class 4,6,HV,1.0,nan,0,0,4,6,9,78,1156475,12.0,6,8,7,7,8,424,30828975,36.0
11,5/2/7/4/8/3,,GOLD VELVET,V400,A Domeyer,2,9,A T Millard,44,0,1146,+1,1.40.31,5,-,g,289800,1,B,Gibson Lau Wai Chi Eric Lau Pui Kit & Ricky Lau Pui Wai,Savabeel,Girls On Top,PPG,117.0,TURF - A Course,1650M,GOOD,Class 4,6,HV,nan,nan,10,5,5,14,5,21,2292000,48.0,11,8,10,8,7,288,41896710,49.0
12,2/3/2/1/1/3,,THE JOY OF GIVING,A249,T H So,,4,C W Chang,41,+1,1005,+38,1.41.17,5,-,g,1781350,1,B,The Joy of Giving Syndicate,Thewayyouare,Vera Mont,PP,112.0,TURF - A Course,1650M,GOOD,Class 4,6,HV,nan,nan,2,2,3,5,6,163,4876475,26.0,4,8,5,7,5,297,14434775,32.0
1,2/3/2/2/1/5,,RACING FIGHTER,B285,Z Purton,,7,C H Yip,80,+3,1166,+15,1.11.08,4,-,g,2691000,+ 1,B,CAAF Syndicate,Mastercraftsman,Comme Tu Veux,PP,133.0,TURF - A Course,1200M,GOOD,Class 3,7,HV,nan,nan,22,17,10,10,7,535,187770015,55.0,8,5,8,9,9,462,35968500,46.0
2,7/2/6/5/2/8,,JING JING WIN,V328,J Moreira,,6,D J Hall,78,0,1076,-15,1.09.89,6,-,g,655500,+ 1,CP,Liu Yu Wen,Starcraft,Top Cuban,ISG,131.0,TURF - A Course,1200M,GOOD,Class 3,7,HV,nan,nan,18,16,11,9,8,347,103334925,54.0,6,5,8,8,9,323,29359950,36.0
3,9/11/9,,SUPREME PATROL,C300,M Harley,,9,D E Ferraris,76,-2,1165,+4,1.11.24,4,-,g,0,+ 1,,Alan Chow Kwun Lun & Gordon Fung Ping Chung,Var,Covenant,PP,129.0,TURF - A Course,1200M,GOOD,Class 3,7,HV,nan,nan,5,5,5,4,4,82,4067550,35.0,5,4,9,6,8,403,23177090,33.0
4,2/6/5/3/9/5,,HARRIER JET,T372,N Callan,,1,P O'Sullivan,73,+2,1129,-7,1.09.27,7,-,g,765900,+ 1,V/TT,Wei Yu & Liu He,Dane Shadow,Borobodur,PP,126.0,TURF - A Course,1200M,GOOD,Class 3,7,HV,nan,nan,4,9,12,8,6,331,26237400,32.0,6,10,8,6,7,295,24863660,36.0
5,5/2/9/6/8/2,,BUOYANT BOY,A317,C Y Ho,,8,K L Man,68,0,1028,-10,1.09.83,5,-,g,959100,+ 1,TT,Mr & Mrs Chiu Tao,Zoffany,Close To The Edge,ISG,121.0,TURF - A Course,1200M,GOOD,Class 3,7,HV,8.0,nan,10,8,11,12,9,452,55869390,48.0,6,4,9,10,10,362,24518755,36.0
6,4/3/5/10/1/2,,E MASTER,A254,C Schofield,,5,C Fownes,66,0,1121,+5,1.09.77,5,-,g,1798600,+ 1,XB,Mr & Mrs Jacky Yim,Dreamscape,Ditas,PPG,119.0,TURF - A Course,1200M,GOOD,Class 3,7,HV,2.0,2.0,9,8,8,12,10,348,44300250,46.0,7,10,9,9,9,390,41761300,42.0
7,9/7/5,,GINTOKI,C216,M L Yeung,,4,T P Yung,66,-2,1122,-8,,4,-,g,48300,+ 1,,Gin Syndicate,Star Witness,Leopard Skin,PP,117.0,TURF - A Course,1200M,GOOD,Class 3,7,HV,3.0,nan,4,6,7,6,10,340,21196025,32.0,6,11,7,8,10,325,27210915,36.0
8,7/4/8/7/6/6,,MEGA HEART,A148,R Bayliss,,11,C W Chang,66,-2,1178,+12,1.10.37,6,-,g,82800,+ 1,XB/TT,Mok Kam Hung & Michael Mok Kwan Yuen,Foreplay,The Baroness,PP,119.0,TURF - A Course,1200M,GOOD,Class 3,7,HV,nan,nan,3,6,4,2,8,121,6761175,29.0,4,8,5,7,5,297,14434775,32.0
9,10/7/12/14,,SPEEDY LUCK,C144,K C Leung,,12,P F Yiu,66,-2,1185,-4,,4,-,g,0,+ 1,H/TT,Eddie Chung Kwok Leung,Poet's Voice,Maziona,PP,119.0,TURF - A Course,1200M,GOOD,Class 3,7,HV,nan,nan,5,7,8,7,6,380,35009625,35.0,7,9,9,7,8,352,32849100,42.0
10,-,,PRIVATE ROCKET,C367,U Rispoli,,2,J Moore,70,-,1092,-,,3,5,g,48300,+ 1,,Marces Lee Tze Bun,Dark Angel,Love In The Desert,PP,118.0,TURF - A Course,1200M,GOOD,Class 3,7,HV,nan,nan,6,6,10,9,9,417,31565625,38.0,13,8,10,8,9,416,106395650,50.0
11,13/3/4/2/2/10,,BETTER CHOICE,A383,K Teetan,,10,W Y So,62,-1,1019,-11,1.10.47,5,-,g,747500,* 1,CP-,Winning Way Syndicate,Hard Spun,Sweet Scene,PPG,115.0,TURF - A Course,1200M,GOOD,Class 3,7,HV,nan,nan,13,10,10,10,9,565,96115560,50.0,6,8,7,7,8,424,30828975,36.0
12,4/2/3/3/1/1,,SPLIT OF A SECOND,B027,M F Poon,,3,L Ho,62,0,1088,-1,1.09.68,5,-,g,1782500,+ 1,H,Merry Gang Syndicate,Helmet,Umoya,PPG,112.0,TURF - A Course,1200M,GOOD,Class 3,7,HV,3.0,3.0,7,5,9,10,9,396,35001695,40.0,8,8,7,8,9,355,28469390,46.0
1,7/9/12/6/2/7,,GIANT TURTLE,T391,C Wong,,2,A T Millard,80,-1,1065,+5,1.49.98,7,-,g,1422600,1,SR/TT,Joseph Fong Kit Man,Zabeel,Lacada,PP,128.0,TURF - A Course,1800M,GOOD,Class 3,8,HV,nan,nan,12,7,9,5,9,330,38085325,49.0,11,8,10,8,7,288,41896710,49.0
2,1/2/9/9/4/4,,BRAVE LEGEND,A260,K Teetan,,12,A S Cruz,79,+7,1177,+9,1.49.17,5,-,g,2201100,1,B/TT,Lianne Lam & Matthew Lam Kin Hong,Choisir,Uno Sayuri,PP,132.0,TURF - A Course,1800M,GOOD,Class 3,8,HV,10.0,nan,13,10,10,10,9,565,96115560,50.0,10,9,10,9,9,470,94386400,48.0
3,8/9/2/8/7/3,,MARZOUQ,B094,J Moreira,,7,J Size,78,-2,979,+1,,5,-,g,303600,1,,Martin Siu Kim Sun,Spring At Last,Smart 'n Special,PP,131.0,TURF - A Course,1800M,GOOD,Class 3,8,HV,nan,nan,18,16,11,9,8,347,103334925,54.0,15,16,11,9,9,420,122845650,52.0
4,4/3/8/6/11/9,,BEAR SLAM,C143,N Callan,,6,D E Ferraris,76,-1,1010,-1,,4,-,g,241500,1,,Mr & Mrs Peter P C Fan,Mizzen Mast,Solo Piano,PP,129.0,TURF - A Course,1800M,GOOD,Class 3,8,HV,nan,nan,4,9,12,8,6,331,26237400,32.0,5,4,9,6,8,403,23177090,33.0
5,9/10/9/7/3/5,,RULE THEE,A172,G van Niekerk,,5,P O'Sullivan,72,-2,1067,+5,1.49.74,6,-,g,1076400,1,B,Noble Wife Syndicate,Tavistock,Dantessa,PP,125.0,TURF - A Course,1800M,GOOD,Class 3,8,HV,nan,nan,7,9,9,7,9,331,32767350,40.0,6,10,8,6,7,295,24863660,36.0
6,1/11/2/10/11/13,,TRAVEL FIRST,T098,T H So,,10,C H Yip,68,+6,1206,+21,1.48.37,8,-,g,1702000,1,B/TT,Jackie Wong See Sum,Duke Of Marmalade,Starship,PP,119.0,TURF - A Course,1800M,GOOD,Class 3,8,HV,nan,nan,2,2,3,5,6,163,4876475,26.0,8,5,8,9,9,462,35968500,46.0
7,9/5/8/2/5/3,,RIGHT HONOURABLE,A164,R Bayliss,,8,R Gibson,67,-2,1019,-5,,5,-,g,1083300,1,H/P/TT,Yan Ming,Famous Name,Agnetha,PP,120.0,TURF - A Course,1800M,GOOD,Class 3,8,HV,nan,nan,3,6,4,2,8,121,6761175,29.0,7,10,8,9,10,341,41529695,42.0
8,2/8/2/5/2/10,,VIGOR FAME,B260,C Y Ho,,3,K W Lui,66,+2,1012,-8,1.49.32,5,-,g,1007400,1,H/XB/TT,Brave Heart Syndicate,Lord Of England,Shokogirl,PP,119.0,TURF - A Course,1800M,GOOD,Class 3,8,HV,nan,nan,10,8,11,12,9,452,55869390,48.0,7,11,8,9,9,338,31753200,42.0
9,1/2/1/6/10/10,,RULETHEROOST,B299,U Rispoli,1,1,F C Lor,64,+5,1129,+10,1.49.57,4,-,g,1251200,1,CP,Ascendancy Syndicate,Redoute's Choice,Navajo Queen,PPG,117.0,TURF - A Course,1800M,GOOD,Class 3,8,HV,nan,nan,6,6,10,9,9,417,31565625,38.0,15,11,10,10,7,362,123351400,52.0
10,2/1/5/3,,CINQUANTE CINQ,B404,M Chadwick,,4,T P Yung,62,+2,1056,+12,,4,-,g,1269600,+ 1,,Paul P Chow,Tavistock,Jugadora,PPG,115.0,TURF - A Course,1800M,GOOD,Class 3,8,HV,nan,nan,5,8,10,6,10,385,29456500,35.0,6,11,7,8,10,325,27210915,36.0
11,9/4/2/9/6/4,,DEFINING MOMENT,C159,C Schofield,1,11,C Fownes,62,-1,1121,-9,,4,-,g,552000,+ 1,B,Didier Li Kwok Wai,Good Journey,Bella Bellucci,PP,115.0,TURF - A Course,1800M,GOOD,Class 3,8,HV,nan,nan,9,8,8,12,10,348,44300250,46.0,7,10,9,9,9,390,41761300,42.0
12,8/1/2/3/6,,I DO,C038,K C Leung,1,9,W Y So,61,0,1120,-7,,4,-,g,832600,+ 1,CP/TT,Ting Wing Keung,So You Think,Redoutebelle,PPG,114.0,TURF - A Course,1800M,GOOD,Class 3,8,HV,nan,nan,5,7,8,7,6,380,35009625,35.0,6,8,7,7,8,424,30828975,36.0
